{
	"dependencies": ["biomesoplenty", "backportedblocks"],
	"populate": {
		"gem_cluster": {
			"enabled": true,
			"distribution": "uniform",
			"generator": {
				"type": "geode",
				"crust": "backportedblocks:tuff",
				"block": [
					{
						"name": "biomesoplenty:gem_ore",
						"properties": {
							"variant": "ruby"
						}
					},
					{
						"name": "biomesoplenty:gem_ore",
						"properties": {
							"variant": "peridot"
						}
					},
					{
						"name": "biomesoplenty:gem_ore",
						"properties": {
							"variant": "topaz"
						}
					},
					{
						"name": "biomesoplenty:gem_ore",
						"properties": {
							"variant": "tanzanite"
						}
					},
					{
						"name": "biomesoplenty:gem_ore",
						"properties": {
							"variant": "malachite"
						}
					},
					{
						"name": "biomesoplenty:gem_ore",
						"properties": {
							"variant": "sapphire"
						}
					},
					{
						"name": "biomesoplenty:gem_ore",
						"properties": {
							"variant": "amber"
						}
					},
					"diamond_ore",
					"emerald_ore"
				],
				"material": "stone"
			},
			"min-height": 4,
			"max-height": 32,
			"cluster-count": 1,
			"chunk-chance": 5,
			"retrogen": "true",
			"dimension": {
				"restriction": "whitelist",
				"value": [
					0
				]
			}
		},
		"gem_cluster_debug": {
			"enabled": false,
			"distribution": "uniform",
			"generator": {
				"type": "cluster",
				"diameter": 3,
				"block": [
					{
						"name": "biomesoplenty:gem_ore",
						"properties": {
							"variant": "ruby"
						}
					},
					{
						"name": "biomesoplenty:gem_ore",
						"properties": {
							"variant": "peridot"
						}
					},
					{
						"name": "biomesoplenty:gem_ore",
						"properties": {
							"variant": "topaz"
						}
					},
					{
						"name": "biomesoplenty:gem_ore",
						"properties": {
							"variant": "tanzanite"
						}
					},
					{
						"name": "biomesoplenty:gem_ore",
						"properties": {
							"variant": "malachite"
						}
					},
					{
						"name": "biomesoplenty:gem_ore",
						"properties": {
							"variant": "sapphire"
						}
					},
					{
						"name": "biomesoplenty:gem_ore",
						"properties": {
							"variant": "amber"
						}
					},
					"diamond_ore",
					"emerald_ore"
				],
				"material": "minecraft:air",
				"cluster-size": 36
			},
			"cluster-count": 1,
			"chunk-chance": 3,
			"min-height": 16,
			"max-height": 16,
			"retrogen": "true",
			"dimension": {
				"restriction": "whitelist",
				"value": [
					0
				]
			}
		}
	}
}
