{
	"dependencies": ["futuremc", "netherex"],
	"populate": {
		"ancientdebris": {
			"enabled": "true",
			"distribution": "uniform",
			"generator": {
				"block": {
					"name": "futuremc:ancient_debris"
				},
				"material": ["minecraft:netherrack", "netherex:gloomy_netherrack", "netherex:lively_netherrack", "netherex:fiery_netherrack", "netherex:icy_netherrack"],
				"cluster-size": 8
			},
			"cluster-count": 1,
			"min-height": 4,
			"max-height": 16,
			"retrogen": "true",
			"dimension": {
				"restriction": "whitelist",
				"value": [
					-1
				]
			}
		},
		"soulsoil": {
			"enabled": "true",
			"distribution": "uniform",
			"generator": {
					"type": "cluster",
					"block": "futuremc:soul_soil",
					"material": "minecraft:soul_sand",
                    "cluster-size": 100
			},
			"retrogen": "true",
			"cluster-count": 16,
			"min-height": 16,
            "max-height": 124,
            "biome": {
                "restriction": "whitelist",
                "value": [
                    "netherex:ruthless_sands"
                ]
            },
			"dimension": {
				"restriction": "whitelist",
				"value": [
					-1
				]
			}
		}
	}
}
