{
	"dependencies": ["backportedblocks", "netherex"],
	"populate": {
		"basalt": {
			"enabled": "true",
			"distribution": "uniform",
			"generator": {
					"type": "stalactite",
					"block": "backportedblocks:basalt",
					"material": ["minecraft:netherrack", "netherex:gloomy_netherrack", "netherex:fiery_netherrack"],
					"min-height": 12,
					"height-variance": 8,
					"fat": "false"
			},
			"retrogen": "true",
			"cluster-count": 1,
			"chunk-chance": 3,
			"min-height": 90,
			"max-height": 100,
			"dimension": {
				"restriction": "whitelist",
				"value": [
					-1
				]
			}
		},
		"blackstone": {
			"enabled": "true",
			"distribution": "uniform",
			"generator": {
					"type": "spike",
					"block": "backportedblocks:blackstone",
					"material": ["minecraft:air", "minecraft:lava"],
					"min-height": 24
			},
			"retrogen": "true",
			"cluster-count": 1,
			"chunk-chance": 3,
			"min-height": 19,
			"max-height": 29,
			"dimension": {
				"restriction": "whitelist",
				"value": [
					-1
				]
			}
		},
		"amethyst_geode": {
			"enabled": true,
			"distribution": "uniform",
			"generator": {
				"type": "sequential",
				"generators": [
					{
						"type": "boulder",
						"block": {
							"name": "backportedblocks:basalt",
							"properties": {
								"variant": "smooth"
							}
						},
						"diameter": 6,
						"size-variance": 0,
						"count": 1,
						"material": "stone"
					},
					{
						"type": "boulder",
						"block": "backportedblocks:calcite",
						"diameter": 5,
						"size-variance": 0,
						"count": 1,
						"material": {
							"name": "backportedblocks:basalt",
							"properties": {
								"variant": "smooth"
							}
						}
					},
					{
						"type": "boulder",
						"block": "backportedblocks:amethyst_block",
						"diameter": 4,
						"size-variance": 0,
						"count": 1,
						"material": "backportedblocks:calcite"
					},
					{
						"type": "boulder",
						"block": "air",
						"diameter": 3,
						"size-variance": 0,
						"count": 1,
						"material": "backportedblocks:amethyst_block"
					}
				]	
			},
			"retrogen": true,
			"min-height": 4,
			"max-height": 63,
			"cluster-count": 1,
			"chunk-chance": 16,
            "biome": "all",
			"dimension": {
				"restriction": "whitelist",
				"value": [
					0
				]
			}
        }
	}
}
