{
	"dependencies": ["mysticalagriculture", "netherex"],
	"populate": {
		"soulstone": {
			"enabled": "true",
			"distribution": "uniform",
			"generator": {
					"type": "cluster",
					"block": "mysticalagriculture:soulstone",
                    "material": ["minecraft:soul_sand", "netherex:gloomy_netherrack"],
                    "cluster-size": 40
			},
			"retrogen": "true",
			"cluster-count": 8,
			"min-height": 16,
            "max-height": 124,
            "biome": {
                "restriction": "whitelist",
                "value": [
                    "netherex:ruthless_sands"
                ]
            },
			"dimension": {
				"restriction": "whitelist",
				"value": [
					-1
				]
			}
		}
	}
}
