{
    "dependencies": ["beneath", "carbonado", "mekanism", "bigreactors", "rftools"],
    "populate": {
        "carbonado_ceiling": {
            "distribution": "uniform",
			"generator": {
				"block": "carbonado:carbonado_ore",
				"material": "minecraft:bedrock",
				"cluster-size": 8
			},
			"cluster-count": 1,
			"min-height": 0,
			"max-height": 4,
			"retrogen": false,
			"biome": "all",
			"dimension": {
				"restriction": "whitelist",
				"value": [
                    10
				]
			}
        },
        "carbonado_floor": {
            "distribution": "uniform",
			"generator": {
				"block": "carbonado:carbonado_ore",
				"material": "minecraft:bedrock",
				"cluster-size": 8
			},
			"cluster-count": 1,
			"min-height": 251,
			"max-height": 255,
			"retrogen": false,
			"biome": "all",
			"dimension": {
				"restriction": "whitelist",
				"value": [
                    10
				]
			}
        },
        "osmium": {
            "distribution": "uniform",
			"generator": {
				"block": "mekanism:oreblock",
				"material": "minecraft:stone",
				"cluster-size": 8
			},
			"cluster-count": 8,
			"min-height": 5,
			"max-height": 128,
			"retrogen": false,
			"biome": "all",
			"dimension": {
				"restriction": "whitelist",
				"value": [
                    10
				]
			}
		},
		"yellowrite": {
            "distribution": "uniform",
			"generator": {
				"block": "bigreactors:oreyellorite",
				"material": "minecraft:stone",
				"cluster-size": 8
			},
			"cluster-count": 8,
			"min-height": 5,
			"max-height": 128,
			"retrogen": false,
			"biome": "all",
			"dimension": {
				"restriction": "whitelist",
				"value": [
                    10
				]
			}
		},
		"dimshard": {
            "distribution": "uniform",
			"generator": {
				"block": "rftools:dimensional_shard_ore",
				"material": "minecraft:stone",
				"cluster-size": 6
			},
			"cluster-count": 16,
			"min-height": 5,
			"max-height": 255,
			"retrogen": false,
			"biome": "all",
			"dimension": {
				"restriction": "whitelist",
				"value": [
                    10
				]
			}
        }
    }
}