{
    "dependecies": ["extrautils2", "thermalfoundation", "mekanism", "bigreactors"],
    "populate": {
		"coal_large": {
			"distribution": "uniform",
			"generator": {
				"block": "coal_ore",
				"material": ["minecraft:stone", "minecraft:cobblestone"],
				"cluster-size": 128
			},
			"cluster-count": 4,
			"min-height": 120,
			"max-height": 255,
			"retrogen": true,
			"biome": "all",
			"dimension": {
				"restriction": "whitelist",
				"value": [
                    -11325
                ]
			}
		},
		"iron_large": {
			"distribution": "uniform",
			"generator": {
				"block": "iron_ore",
				"material": ["minecraft:stone", "minecraft:cobblestone"],
				"cluster-size": 128
			},
			"cluster-count": 4,
			"min-height": 120,
			"max-height": 255,
			"retrogen": true,
			"biome": "all",
			"dimension": {
				"restriction": "whitelist",
				"value": [
                    -11325
                ]
			}
		},
        "copper_large": {
			"enabled": "true",
			"distribution": "uniform",
			"generator": {
				"block": {
					"name": "thermalfoundation:ore",
					"properties": {
						"type": "copper"
					}
				},
				"material": ["minecraft:stone", "minecraft:cobblestone"],
				"cluster-size": 128
			},
			"cluster-count": 4,
			"min-height": 120,
			"max-height": 255,
			"retrogen": "true",
			"biome": "all",
			"dimension": {
				"restriction": "whitelist",
				"value": [
                    -11325
                ]
			}
		},
		"tin_large": {
			"enabled": "true",
			"distribution": "uniform",
			"generator": {
				"block": {
					"name": "thermalfoundation:ore",
					"properties": {
						"type": "tin"
					}
				},
				"material": ["minecraft:stone", "minecraft:cobblestone"],
				"cluster-size": 128
			},
			"cluster-count": 4,
			"min-height": 120,
			"max-height": 255,
			"retrogen": "true",
			"biome": "all",
			"dimension": {
				"restriction": "whitelist",
				"value": [
                    -11325
                ]
			}
		},
		"silver_large": {
			"enabled": "true",
			"distribution": "uniform",
			"generator": {
				"block": {
						"name": "thermalfoundation:ore",
						"properties": {
							"type": "silver"
						}
				},
				"material": ["minecraft:stone", "minecraft:cobblestone"],
				"cluster-size": 128
			},
			"cluster-count": 4,
			"min-height": 120,
			"max-height": 255,
			"retrogen": "true",
			"biome": "all",
			"dimension": {
				"restriction": "whitelist",
				"value": [
                    -11325
                ]
			}
		},
		"lead_large": {
			"enabled": "true",
			"distribution": "uniform",
			"generator": {
				"block": {
						"name": "thermalfoundation:ore",
						"properties": {
							"type": "lead"
						}
				},
				"material": ["minecraft:stone", "minecraft:cobblestone"],
				"cluster-size": 128
			},
			"cluster-count": 4,
			"min-height": 120,
			"max-height": 255,
			"retrogen": "true",
			"biome": "all",
			"dimension": {
				"restriction": "whitelist",
				"value": [
                    -11325
                ]
			}
		},
		"nickel_large": {
			"enabled": "true",
			"distribution": "uniform",
			"generator": {
				"block": {
					"name": "thermalfoundation:ore",
					"properties": {
						"type": "nickel"
					}
				},
				"material": ["minecraft:stone", "minecraft:cobblestone"],
				"cluster-size": 128
			},
			"cluster-count": 4,
			"min-height": 120,
			"max-height": 255,
			"retrogen": "true",
			"biome": "all",
			"dimension": {
				"restriction": "whitelist",
				"value": [
                    -11325
                ]
			}
		},
		"platinum_large": {
			"enabled": "true",
			"distribution": "uniform",
			"generator": {
				"block": {
						"name": "thermalfoundation:ore",
						"properties": {
							"type": "platinum"
						}
				},
				"material": "minecraft:stone",
				"cluster-size": 128
			},
			"cluster-count": 2,
			"min-height": 4,
			"max-height": 63,
			"retrogen": "true",
			"biome": "all",
			"dimension": {
				"restriction": "whitelist",
				"value": [
                    -11325
                ]
			}
		},
		"aluminum_large": {
			"enabled": "true",
			"distribution": "uniform",
			"generator": {
				"block": {
					"name": "thermalfoundation:ore",
					"properties": {
						"type": "aluminum"
					}
				},
				"material": "minecraft:stone",
				"cluster-size": 128
			},
			"cluster-count": 2,
			"min-height": 4,
			"max-height": 63,
			"retrogen": "true",
			"biome": "all",
			"dimension": {
				"restriction": "whitelist",
				"value": [
                    -11325
                ]
			}
		},
		"iridium_large": {
			"enabled": "true",
			"distribution": "uniform",
			"generator": {
				"block": {
						"name": "thermalfoundation:ore",
						"properties": {
							"type": "iridium"
						}
				},
				"material": "minecraft:stone",
				"cluster-size": 128
			},
			"cluster-count": 2,
			"min-height": 4,
			"max-height": 63,
			"retrogen": "true",
			"biome": "all",
			"dimension": {
				"restriction": "whitelist",
				"value": [
                    -11325
                ]
			}
        },
		"gold_large": {
			"distribution": "uniform",
			"generator": {
				"block": "gold_ore",
				"material": "minecraft:stone",
				"cluster-size": 128
			},
			"cluster-count": 2,
			"min-height": 4,
			"max-height": 63,
			"retrogen": true,
			"biome": "all",
			"dimension": {
				"restriction": "whitelist",
				"value": [
                    -11325
                ]
			}
		},
		"redstone_large": {
			"distribution": "uniform",
			"generator": {
				"block": "redstone_ore",
				"material": "minecraft:stone",
				"cluster-size": 128
			},
			"cluster-count": 2,
			"min-height": 4,
			"max-height": 63,
			"retrogen": true,
			"biome": "all",
			"dimension": {
				"restriction": "whitelist",
				"value": [
                    -11325
                ]
			}
		},
		"diamond_large": {
			"distribution": "uniform",
			"generator": {
				"block": "diamond_ore",
				"material": "minecraft:stone",
				"cluster-size": 128
			},
			"cluster-count": 2,
			"min-height": 4,
			"max-height": 63,
			"retrogen": true,
			"biome": "all",
			"dimension": {
				"restriction": "whitelist",
				"value": [
                    -11325
                ]
			}
		},
		"lapis_large": {
			"distribution": "uniform",
			"generator": {
				"block": "lapis_ore",
				"material": "minecraft:stone",
				"cluster-size": 128
			},
			"cluster-count": 2,
			"min-height": 4,
			"max-height": 63,
			"retrogen": true,
			"biome": "all",
			"dimension": {
				"restriction": "whitelist",
				"value": [
                    -11325
                ]
			}
		},
		"emerald_large": {
			"distribution": "uniform",
			"generator": {
				"block": {
					"name": "emerald_ore"
				},
				"material": "minecraft:stone",
				"cluster-size": 128
			},
			"cluster-count": 2,
			"min-height": 4,
			"max-height": 63,
			"retrogen": true,
			"biome": "all",
			"dimension": {
				"restriction": "whitelist",
				"value": [
                    -11325
                ]
			}
        },
        "osmium_large": {
            "distribution": "uniform",
			"generator": {
				"block": "mekanism:oreblock",
				"material": "minecraft:stone",
				"cluster-size": 128
			},
			"cluster-count": 2,
			"min-height": 4,
			"max-height": 63,
			"retrogen": true,
			"biome": "all",
			"dimension": {
				"restriction": "whitelist",
				"value": [
                    -11325
				]
			}
        },
		"yellorite_large": {
            "distribution": "uniform",
			"generator": {
				"block": "bigreactors:oreyellorite",
				"material": "minecraft:stone",
				"cluster-size": 128
			},
			"cluster-count": 2,
			"min-height": 4,
			"max-height": 63,
			"retrogen": true,
			"biome": "all",
			"dimension": {
				"restriction": "whitelist",
				"value": [
                    -11325
				]
			}
        }
    }
}