{
    "dependecies": "carbonado",
    "populate": {
		"carbonado_overworld": {
			"distribution": "uniform",
			"generator": {
				"type": "spout",
				"block": "carbonado:carbonado_ore",
				"material": "bedrock",
				"radius": 0,
				"height": 1,
				"shape": "SQUARE"
			},
			"cluster-count": 1,
			"min-height": 0,
			"max-height": 0,
			"retrogen": true,
			"biome": "all",
			"dimension": {
				"restriction": "whitelist",
				"value": [
                    0
                ]
			}
		}
    }
}