[
  {
    "ore": "backportedblocks:deepslate",
    "oremeta": 0,
    "source": "minecraft:stone",
    "srcmeta": 0,
    "veins": 2,
    "size": 80,
    "miny": 4,
    "maxy": 255
  },
  {
    "ore": "backportedblocks:blackstone",
    "oremeta": 0,
    "source": "minecraft:stone",
    "srcmeta": 0,
    "veins": 2,
    "size": 80,
    "miny": 4,
    "maxy": 255
  },
  {
    "ore": "chisel:basalt2",
    "oremeta": 7,
    "source": "minecraft:stone",
    "srcmeta": 0,
    "veins": 2,
    "size": 80,
    "miny": 4,
    "maxy": 255
  }
]